"exercicio";"bimestre";"uf";"funcao";"nome_funcao";"valor_total"
2019;1;11;"19";"Ciência e Tecnologia";5594070,82
2019;1;13;"19";"Ciência e Tecnologia";203865902,54
2019;1;14;"19";"Ciência e Tecnologia";10013979
2019;1;15;"19";"Ciência e Tecnologia";71905468,21
2019;1;16;"19";"Ciência e Tecnologia";12002148,2
2019;1;17;"19";"Ciência e Tecnologia";3135677
2019;1;21;"19";"Ciência e Tecnologia";112262002,62
2019;1;22;"19";"Ciência e Tecnologia";76140635,44
2019;1;24;"19";"Ciência e Tecnologia";14111038,47
2019;1;25;"19";"Ciência e Tecnologia";73307593,52
2019;1;26;"19";"Ciência e Tecnologia";241767172,31
2019;1;27;"19";"Ciência e Tecnologia";619098821,37
2019;1;28;"19";"Ciência e Tecnologia";57411249,71
2019;1;29;"19";"Ciência e Tecnologia";658455151,85
2019;1;31;"19";"Ciência e Tecnologia";429578803,07
2019;1;32;"19";"Ciência e Tecnologia";394687658,31
2019;1;33;"19";"Ciência e Tecnologia";3121649417,49
2019;1;41;"19";"Ciência e Tecnologia";299458028,69
2019;1;42;"19";"Ciência e Tecnologia";183786729,29
2019;1;43;"19";"Ciência e Tecnologia";230968230,19
2019;1;50;"19";"Ciência e Tecnologia";67317017,82
2019;1;51;"19";"Ciência e Tecnologia";103442144,65
2019;1;52;"19";"Ciência e Tecnologia";719848591,83
2019;1;53;"19";"Ciência e Tecnologia";876885391,72
2019;2;11;"19";"Ciência e Tecnologia";7740736,22
2019;2;12;"19";"Ciência e Tecnologia";9580988,44
2019;2;13;"19";"Ciência e Tecnologia";35950073,46
2019;2;14;"19";"Ciência e Tecnologia";20224820
2019;2;15;"19";"Ciência e Tecnologia";46547234,39
2019;2;16;"19";"Ciência e Tecnologia";3995198,29
2019;2;17;"19";"Ciência e Tecnologia";59910,16
2019;2;21;"19";"Ciência e Tecnologia";102149397,3
2019;2;22;"19";"Ciência e Tecnologia";40141937,57
2019;2;24;"19";"Ciência e Tecnologia";781688,65
2019;2;25;"19";"Ciência e Tecnologia";8147521,5
2019;2;26;"19";"Ciência e Tecnologia";59292882,45
2019;2;27;"19";"Ciência e Tecnologia";59380565,78
2019;2;28;"19";"Ciência e Tecnologia";34711291,8
2019;2;31;"19";"Ciência e Tecnologia";182737299,37
2019;2;32;"19";"Ciência e Tecnologia";24377821,88
2019;2;33;"19";"Ciência e Tecnologia";3444188225,41
2019;2;41;"19";"Ciência e Tecnologia";213785365,46
2019;2;42;"19";"Ciência e Tecnologia";39605733,59
2019;2;43;"19";"Ciência e Tecnologia";94566402,44
2019;2;50;"19";"Ciência e Tecnologia";15554670,15
2019;2;51;"19";"Ciência e Tecnologia";444210432,52
2019;2;52;"19";"Ciência e Tecnologia";1009737385,86
2019;2;53;"19";"Ciência e Tecnologia";53006165,22
2019;3;11;"19";"Ciência e Tecnologia";7723377,74
2019;3;12;"19";"Ciência e Tecnologia";20039460,26
2019;3;13;"19";"Ciência e Tecnologia";75155996,33
2019;3;15;"19";"Ciência e Tecnologia";27679563,18
2019;3;16;"19";"Ciência e Tecnologia";6228951,92
2019;3;17;"19";"Ciência e Tecnologia";4813236,18
2019;3;21;"19";"Ciência e Tecnologia";62515313,56
2019;3;22;"19";"Ciência e Tecnologia";27443764,77
2019;3;24;"19";"Ciência e Tecnologia";345695,79
2019;3;25;"19";"Ciência e Tecnologia";13197823,26
2019;3;26;"19";"Ciência e Tecnologia";524509604,33
2019;3;27;"19";"Ciência e Tecnologia";53212560,34
2019;3;28;"19";"Ciência e Tecnologia";39649319,47
2019;3;31;"19";"Ciência e Tecnologia";132670513,87
2019;3;32;"19";"Ciência e Tecnologia";36590256,71
2019;3;33;"19";"Ciência e Tecnologia";3983058227,01
2019;3;41;"19";"Ciência e Tecnologia";209322466,87
2019;3;42;"19";"Ciência e Tecnologia";42930309,72
2019;3;43;"19";"Ciência e Tecnologia";66116093,4
2019;3;50;"19";"Ciência e Tecnologia";9717312,4
2019;3;51;"19";"Ciência e Tecnologia";170787686,5
2019;3;52;"19";"Ciência e Tecnologia";214436144,34
2019;3;53;"19";"Ciência e Tecnologia";257799236,24
2019;4;11;"19";"Ciência e Tecnologia";4478772,86
2019;4;12;"19";"Ciência e Tecnologia";23681322,12
2019;4;13;"19";"Ciência e Tecnologia";118080153,54
2019;4;15;"19";"Ciência e Tecnologia";33857773,94
2019;4;16;"19";"Ciência e Tecnologia";3182048,26
2019;4;17;"19";"Ciência e Tecnologia";2394978,64
2019;4;21;"19";"Ciência e Tecnologia";58410847,13
2019;4;22;"19";"Ciência e Tecnologia";49259995,08
2019;4;24;"19";"Ciência e Tecnologia";2686720,67
2019;4;25;"19";"Ciência e Tecnologia";23763816,55
2019;4;26;"19";"Ciência e Tecnologia";97928092,11
2019;4;27;"19";"Ciência e Tecnologia";126618419,21
2019;4;28;"19";"Ciência e Tecnologia";26594608,76
2019;4;31;"19";"Ciência e Tecnologia";193728898,33
2019;4;32;"19";"Ciência e Tecnologia";24931590,91
2019;4;33;"19";"Ciência e Tecnologia";5819827245,01
2019;4;41;"19";"Ciência e Tecnologia";217165727,53
2019;4;42;"19";"Ciência e Tecnologia";28092118,85
2019;4;43;"19";"Ciência e Tecnologia";27576135,01
2019;4;50;"19";"Ciência e Tecnologia";16587032,95
2019;4;51;"19";"Ciência e Tecnologia";70766559,03
2019;4;52;"19";"Ciência e Tecnologia";135550275,67
2019;4;53;"19";"Ciência e Tecnologia";79905500,18
2019;5;11;"19";"Ciência e Tecnologia";6889125,2
2019;5;12;"19";"Ciência e Tecnologia";20835180,25
2019;5;13;"19";"Ciência e Tecnologia";89947729,19
2019;5;15;"19";"Ciência e Tecnologia";119545141,62
2019;5;16;"19";"Ciência e Tecnologia";6767819,9
2019;5;17;"19";"Ciência e Tecnologia";3975987,89
2019;5;21;"19";"Ciência e Tecnologia";17493290,7
2019;5;22;"19";"Ciência e Tecnologia";92175950,05
2019;5;24;"19";"Ciência e Tecnologia";2949148,46
2019;5;25;"19";"Ciência e Tecnologia";12612694,07
2019;5;26;"19";"Ciência e Tecnologia";53640959,18
2019;5;27;"19";"Ciência e Tecnologia";42985848,06
2019;5;28;"19";"Ciência e Tecnologia";22735295,05
2019;5;31;"19";"Ciência e Tecnologia";394056362,65
2019;5;32;"19";"Ciência e Tecnologia";53063186,74
2019;5;33;"19";"Ciência e Tecnologia";6554696341,16
2019;5;35;"19";"Ciência e Tecnologia";1051507670,76
2019;5;41;"19";"Ciência e Tecnologia";238786449,51
2019;5;42;"19";"Ciência e Tecnologia";305687576,41
2019;5;43;"19";"Ciência e Tecnologia";29572592,48
2019;5;50;"19";"Ciência e Tecnologia";4201450,11
2019;5;51;"19";"Ciência e Tecnologia";75032358,57
2019;5;52;"19";"Ciência e Tecnologia";243402273,17
2019;5;53;"19";"Ciência e Tecnologia";286194398,64
2019;6;11;"19";"Ciência e Tecnologia";5766337,01
2019;6;12;"19";"Ciência e Tecnologia";32111681,41
2019;6;13;"19";"Ciência e Tecnologia";776975555,34
2019;6;14;"19";"Ciência e Tecnologia";587750
2019;6;15;"19";"Ciência e Tecnologia";37325562,6
2019;6;16;"19";"Ciência e Tecnologia";9338298,78
2019;6;17;"19";"Ciência e Tecnologia";13891070,22
2019;6;21;"19";"Ciência e Tecnologia";4215318,57
2019;6;22;"19";"Ciência e Tecnologia";36980144,46
2019;6;24;"19";"Ciência e Tecnologia";8095828,62
2019;6;25;"19";"Ciência e Tecnologia";113585088,26
2019;6;26;"19";"Ciência e Tecnologia";149287929,92
2019;6;27;"19";"Ciência e Tecnologia";63714623,77
2019;6;28;"19";"Ciência e Tecnologia";78941582,92
2019;6;31;"19";"Ciência e Tecnologia";170953043,32
2019;6;32;"19";"Ciência e Tecnologia";11559315,45
2019;6;33;"19";"Ciência e Tecnologia";6919705591,85
2019;6;35;"19";"Ciência e Tecnologia";732455335,75
2019;6;41;"19";"Ciência e Tecnologia";237271096,67
2019;6;42;"19";"Ciência e Tecnologia";80696922,28
2019;6;43;"19";"Ciência e Tecnologia";50929258,97
2019;6;50;"19";"Ciência e Tecnologia";16163799,36
2019;6;51;"19";"Ciência e Tecnologia";191609051,79
2019;6;52;"19";"Ciência e Tecnologia";80717567,12
2019;6;53;"19";"Ciência e Tecnologia";837361626,2
2020;1;11;"19";"Ciência e Tecnologia";6804172,16
2020;1;12;"19";"Ciência e Tecnologia";67953633,7
2020;1;13;"19";"Ciência e Tecnologia";262578605,82
2020;1;14;"19";"Ciência e Tecnologia";319530
2020;1;15;"19";"Ciência e Tecnologia";106162280,16
2020;1;16;"19";"Ciência e Tecnologia";15990070,68
2020;1;17;"19";"Ciência e Tecnologia";18838606,21
2020;1;21;"19";"Ciência e Tecnologia";110186165,39
2020;1;22;"19";"Ciência e Tecnologia";222218782,86
2020;1;24;"19";"Ciência e Tecnologia";8916789,32
2020;1;25;"19";"Ciência e Tecnologia";80832747,55
2020;1;26;"19";"Ciência e Tecnologia";237223154,45
2020;1;27;"19";"Ciência e Tecnologia";273920734,77
2020;1;28;"19";"Ciência e Tecnologia";76344836,24
2020;1;29;"19";"Ciência e Tecnologia";570414871,34
2020;1;31;"19";"Ciência e Tecnologia";312541423,06
2020;1;32;"19";"Ciência e Tecnologia";372758732,84
2020;1;33;"19";"Ciência e Tecnologia";5511267089,14
2020;1;35;"19";"Ciência e Tecnologia";259747724,99
2020;1;41;"19";"Ciência e Tecnologia";459792630,5
2020;1;42;"19";"Ciência e Tecnologia";79386405,54
2020;1;43;"19";"Ciência e Tecnologia";252097869,88
2020;1;50;"19";"Ciência e Tecnologia";47360315,34
2020;1;51;"19";"Ciência e Tecnologia";400297645,55
2020;1;52;"19";"Ciência e Tecnologia";63559092,86
2020;1;53;"19";"Ciência e Tecnologia";1026766826,48
2020;2;11;"19";"Ciência e Tecnologia";3380427,8
2020;2;12;"19";"Ciência e Tecnologia";26773787,34
2020;2;13;"19";"Ciência e Tecnologia";207231022,18
2020;2;14;"19";"Ciência e Tecnologia";6254709,97
2020;2;15;"19";"Ciência e Tecnologia";33457425,88
2020;2;16;"19";"Ciência e Tecnologia";3581646,93
2020;2;17;"19";"Ciência e Tecnologia";2988718,96
2020;2;21;"19";"Ciência e Tecnologia";79557109,2
2020;2;22;"19";"Ciência e Tecnologia";215334775,23
2020;2;24;"19";"Ciência e Tecnologia";1381049,88
2020;2;25;"19";"Ciência e Tecnologia";15001563,17
2020;2;26;"19";"Ciência e Tecnologia";67221239,22
2020;2;27;"19";"Ciência e Tecnologia";77756036,22
2020;2;28;"19";"Ciência e Tecnologia";22507326,63
2020;2;31;"19";"Ciência e Tecnologia";24370153,36
2020;2;32;"19";"Ciência e Tecnologia";159704374,66
2020;2;33;"19";"Ciência e Tecnologia";7095296451,45
2020;2;35;"19";"Ciência e Tecnologia";370730790,68
2020;2;41;"19";"Ciência e Tecnologia";283066572,84
2020;2;42;"19";"Ciência e Tecnologia";11890130,2
2020;2;43;"19";"Ciência e Tecnologia";49985667,02
2020;2;50;"19";"Ciência e Tecnologia";11912361,23
2020;2;51;"19";"Ciência e Tecnologia";122836792,82
2020;2;52;"19";"Ciência e Tecnologia";19350268,3
2020;2;53;"19";"Ciência e Tecnologia";251895860,32
2020;3;11;"19";"Ciência e Tecnologia";2240612,14
2020;3;12;"19";"Ciência e Tecnologia";33066151,74
2020;3;13;"19";"Ciência e Tecnologia";119281906,56
2020;3;15;"19";"Ciência e Tecnologia";47662110,13
2020;3;16;"19";"Ciência e Tecnologia";2388599
2020;3;17;"19";"Ciência e Tecnologia";8159491,71
2020;3;21;"19";"Ciência e Tecnologia";26266845,36
2020;3;22;"19";"Ciência e Tecnologia";55629304,24
2020;3;24;"19";"Ciência e Tecnologia";668129,51
2020;3;25;"19";"Ciência e Tecnologia";41476180,76
2020;3;26;"19";"Ciência e Tecnologia";65021908,31
2020;3;27;"19";"Ciência e Tecnologia";41387453,33
2020;3;28;"19";"Ciência e Tecnologia";18960489,28
2020;3;31;"19";"Ciência e Tecnologia";39603063,89
2020;3;32;"19";"Ciência e Tecnologia";21690216,3
2020;3;33;"19";"Ciência e Tecnologia";7815077728,1
2020;3;35;"19";"Ciência e Tecnologia";244947705,23
2020;3;41;"19";"Ciência e Tecnologia";99935827,68
2020;3;42;"19";"Ciência e Tecnologia";17406697,16
2020;3;43;"19";"Ciência e Tecnologia";85085977,86
2020;3;50;"19";"Ciência e Tecnologia";2767620,14
2020;3;51;"19";"Ciência e Tecnologia";144841703,65
2020;3;52;"19";"Ciência e Tecnologia";4758503,94
2020;3;53;"19";"Ciência e Tecnologia";144255497,22
2020;4;11;"19";"Ciência e Tecnologia";9039963,67
2020;4;12;"19";"Ciência e Tecnologia";30245981,98
2020;4;13;"19";"Ciência e Tecnologia";469607361,11
2020;4;14;"19";"Ciência e Tecnologia";130000
2020;4;15;"19";"Ciência e Tecnologia";80175002,89
2020;4;16;"19";"Ciência e Tecnologia";5096564,9
2020;4;17;"19";"Ciência e Tecnologia";4521373,58
2020;4;21;"19";"Ciência e Tecnologia";74344129,86
2020;4;22;"19";"Ciência e Tecnologia";78331631,49
2020;4;24;"19";"Ciência e Tecnologia";3378310,92
2020;4;25;"19";"Ciência e Tecnologia";88632107,12
2020;4;26;"19";"Ciência e Tecnologia";74575149,9
2020;4;27;"19";"Ciência e Tecnologia";46164368,76
2020;4;28;"19";"Ciência e Tecnologia";22985212,66
2020;4;31;"19";"Ciência e Tecnologia";33680792,14
2020;4;32;"19";"Ciência e Tecnologia";9695643,4
2020;4;33;"19";"Ciência e Tecnologia";9200504916,73
2020;4;35;"19";"Ciência e Tecnologia";310079344,48
2020;4;41;"19";"Ciência e Tecnologia";124436014,44
2020;4;42;"19";"Ciência e Tecnologia";22301558,13
2020;4;43;"19";"Ciência e Tecnologia";75076057,51
2020;4;50;"19";"Ciência e Tecnologia";10227730,14
2020;4;51;"19";"Ciência e Tecnologia";98961543,58
2020;4;52;"19";"Ciência e Tecnologia";16264767,56
2020;4;53;"19";"Ciência e Tecnologia";97355083,26
2020;5;11;"19";"Ciência e Tecnologia";7421782,45
2020;5;12;"19";"Ciência e Tecnologia";34987334,26
2020;5;13;"19";"Ciência e Tecnologia";192268251,94
2020;5;15;"19";"Ciência e Tecnologia";103628961,64
2020;5;16;"19";"Ciência e Tecnologia";2464288,87
2020;5;17;"19";"Ciência e Tecnologia";16490280,77
2020;5;21;"19";"Ciência e Tecnologia";66716476,57
2020;5;22;"19";"Ciência e Tecnologia";94713135,32
2020;5;24;"19";"Ciência e Tecnologia";5726831,3
2020;5;25;"19";"Ciência e Tecnologia";133320648,88
2020;5;26;"19";"Ciência e Tecnologia";111437505,22
2020;5;27;"19";"Ciência e Tecnologia";29971755,9
2020;5;28;"19";"Ciência e Tecnologia";42985320,69
2020;5;31;"19";"Ciência e Tecnologia";19842746,77
2020;5;32;"19";"Ciência e Tecnologia";34190054,37
2020;5;33;"19";"Ciência e Tecnologia";17122712407,37
2020;5;35;"19";"Ciência e Tecnologia";1035156863,12
2020;5;41;"19";"Ciência e Tecnologia";186443228,34
2020;5;42;"19";"Ciência e Tecnologia";12999382,52
2020;5;43;"19";"Ciência e Tecnologia";43825042,89
2020;5;50;"19";"Ciência e Tecnologia";22432912,79
2020;5;51;"19";"Ciência e Tecnologia";69826237,85
2020;5;52;"19";"Ciência e Tecnologia";14170960,35
2020;5;53;"19";"Ciência e Tecnologia";181177803,04
2020;6;11;"19";"Ciência e Tecnologia";3884669,39
2020;6;12;"19";"Ciência e Tecnologia";40141391,11
2020;6;13;"19";"Ciência e Tecnologia";129285987,8
2020;6;14;"19";"Ciência e Tecnologia";484946,22
2020;6;15;"19";"Ciência e Tecnologia";100930895,76
2020;6;16;"19";"Ciência e Tecnologia";6514602,24
2020;6;17;"19";"Ciência e Tecnologia";2085318,47
2020;6;21;"19";"Ciência e Tecnologia";16805197,38
2020;6;22;"19";"Ciência e Tecnologia";99946300,62
2020;6;24;"19";"Ciência e Tecnologia";9113126,32
2020;6;25;"19";"Ciência e Tecnologia";69761093,32
2020;6;26;"19";"Ciência e Tecnologia";110214442,94
2020;6;27;"19";"Ciência e Tecnologia";64700944,22
2020;6;28;"19";"Ciência e Tecnologia";64254956,68
2020;6;31;"19";"Ciência e Tecnologia";87913357,01
2020;6;32;"19";"Ciência e Tecnologia";78494905,86
2020;6;33;"19";"Ciência e Tecnologia";18777511809,62
2020;6;35;"19";"Ciência e Tecnologia";283523420,45
2020;6;41;"19";"Ciência e Tecnologia";687546255,51
2020;6;42;"19";"Ciência e Tecnologia";54317728,89
2020;6;43;"19";"Ciência e Tecnologia";46280240,37
2020;6;50;"19";"Ciência e Tecnologia";7488243,01
2020;6;51;"19";"Ciência e Tecnologia";148624865,64
2020;6;52;"19";"Ciência e Tecnologia";16003453,17
2020;6;53;"19";"Ciência e Tecnologia";375403857,2
2021;1;11;"19";"Ciência e Tecnologia";16681130,09
2021;1;12;"19";"Ciência e Tecnologia";72758573,14
2021;1;13;"19";"Ciência e Tecnologia";351815189,17
2021;1;14;"19";"Ciência e Tecnologia";6398604
2021;1;15;"19";"Ciência e Tecnologia";134774148,19
2021;1;16;"19";"Ciência e Tecnologia";10455448,5
2021;1;17;"19";"Ciência e Tecnologia";18018346,09
2021;1;21;"19";"Ciência e Tecnologia";146616193,99
2021;1;22;"19";"Ciência e Tecnologia";207316423,26
2021;1;24;"19";"Ciência e Tecnologia";1804826,85
2021;1;25;"19";"Ciência e Tecnologia";61278711,67
2021;1;26;"19";"Ciência e Tecnologia";183172033,95
2021;1;27;"19";"Ciência e Tecnologia";506170805,29
2021;1;28;"19";"Ciência e Tecnologia";63168351,84
2021;1;29;"19";"Ciência e Tecnologia";567184677,97
2021;1;31;"19";"Ciência e Tecnologia";73629115,41
2021;1;32;"19";"Ciência e Tecnologia";341470084,43
2021;1;33;"19";"Ciência e Tecnologia";2710169216,81
2021;1;35;"19";"Ciência e Tecnologia";2133319136,02
2021;1;41;"19";"Ciência e Tecnologia";168966093,17
2021;1;42;"19";"Ciência e Tecnologia";71159900,01
2021;1;43;"19";"Ciência e Tecnologia";370282671,04
2021;1;50;"19";"Ciência e Tecnologia";80159216,11
2021;1;51;"19";"Ciência e Tecnologia";545571846,67
2021;1;52;"19";"Ciência e Tecnologia";57909395,72
2021;1;53;"19";"Ciência e Tecnologia";257241249,51
2021;2;11;"19";"Ciência e Tecnologia";1394674,36
2021;2;12;"19";"Ciência e Tecnologia";24776374,08
2021;2;13;"19";"Ciência e Tecnologia";56477675,56
2021;2;14;"19";"Ciência e Tecnologia";3e+06
2021;2;15;"19";"Ciência e Tecnologia";121648411,61
2021;2;16;"19";"Ciência e Tecnologia";3345268,45
2021;2;17;"19";"Ciência e Tecnologia";1011636,94
2021;2;21;"19";"Ciência e Tecnologia";22511707,02
2021;2;22;"19";"Ciência e Tecnologia";114299983,65
2021;2;24;"19";"Ciência e Tecnologia";13178020,96
2021;2;25;"19";"Ciência e Tecnologia";15417802,46
2021;2;26;"19";"Ciência e Tecnologia";144889775,83
2021;2;27;"19";"Ciência e Tecnologia";126312627,51
2021;2;28;"19";"Ciência e Tecnologia";15344579,18
2021;2;31;"19";"Ciência e Tecnologia";48205172,42
2021;2;32;"19";"Ciência e Tecnologia";33899537,3
2021;2;33;"19";"Ciência e Tecnologia";422391401,6
2021;2;35;"19";"Ciência e Tecnologia";271022150,5
2021;2;41;"19";"Ciência e Tecnologia";160105361,48
2021;2;42;"19";"Ciência e Tecnologia";47768168,09
2021;2;43;"19";"Ciência e Tecnologia";172968808,7
2021;2;50;"19";"Ciência e Tecnologia";17816020,05
2021;2;51;"19";"Ciência e Tecnologia";58870953,96
2021;2;52;"19";"Ciência e Tecnologia";54325710,69
2021;2;53;"19";"Ciência e Tecnologia";60098102,4
2021;3;11;"19";"Ciência e Tecnologia";14829847,17
2021;3;12;"19";"Ciência e Tecnologia";29024587,48
2021;3;13;"19";"Ciência e Tecnologia";117258711,43
2021;3;14;"19";"Ciência e Tecnologia";664350
2021;3;15;"19";"Ciência e Tecnologia";100333456,49
2021;3;16;"19";"Ciência e Tecnologia";3787319,16
2021;3;17;"19";"Ciência e Tecnologia";3251403,36
2021;3;21;"19";"Ciência e Tecnologia";92516976,1
2021;3;22;"19";"Ciência e Tecnologia";83503876,64
2021;3;24;"19";"Ciência e Tecnologia";8304278,65
2021;3;25;"19";"Ciência e Tecnologia";74857234,79
2021;3;26;"19";"Ciência e Tecnologia";155233569,27
2021;3;27;"19";"Ciência e Tecnologia";62780792,33
2021;3;28;"19";"Ciência e Tecnologia";24739516,28
2021;3;31;"19";"Ciência e Tecnologia";77505218,63
2021;3;32;"19";"Ciência e Tecnologia";32757144,23
2021;3;33;"19";"Ciência e Tecnologia";809136981,15
2021;3;35;"19";"Ciência e Tecnologia";191916889,91
2021;3;41;"19";"Ciência e Tecnologia";23117481,35
2021;3;42;"19";"Ciência e Tecnologia";27726378,69
2021;3;43;"19";"Ciência e Tecnologia";110338322,55
2021;3;50;"19";"Ciência e Tecnologia";11747316,15
2021;3;51;"19";"Ciência e Tecnologia";140218730,67
2021;3;52;"19";"Ciência e Tecnologia";11573739,14
2021;3;53;"19";"Ciência e Tecnologia";120866322,76
2021;4;11;"19";"Ciência e Tecnologia";17193670,62
2021;4;12;"19";"Ciência e Tecnologia";26868819,22
2021;4;13;"19";"Ciência e Tecnologia";215873647,61
2021;4;14;"19";"Ciência e Tecnologia";911652
2021;4;15;"19";"Ciência e Tecnologia";203548466,63
2021;4;16;"19";"Ciência e Tecnologia";12700968,2
2021;4;17;"19";"Ciência e Tecnologia";2486147,29
2021;4;21;"19";"Ciência e Tecnologia";47732510,18
2021;4;22;"19";"Ciência e Tecnologia";84691602,83
2021;4;24;"19";"Ciência e Tecnologia";3343866
2021;4;25;"19";"Ciência e Tecnologia";18320977,43
2021;4;26;"19";"Ciência e Tecnologia";104941298,55
2021;4;27;"19";"Ciência e Tecnologia";53881330,27
2021;4;28;"19";"Ciência e Tecnologia";27709455,56
2021;4;31;"19";"Ciência e Tecnologia";41593665,39
2021;4;32;"19";"Ciência e Tecnologia";49612820,06
2021;4;33;"19";"Ciência e Tecnologia";2547905961,6
2021;4;35;"19";"Ciência e Tecnologia";252967192,45
2021;4;41;"19";"Ciência e Tecnologia";32667842,66
2021;4;42;"19";"Ciência e Tecnologia";58073775,26
2021;4;43;"19";"Ciência e Tecnologia";29471457,26
2021;4;50;"19";"Ciência e Tecnologia";4545694,04
2021;4;51;"19";"Ciência e Tecnologia";317382578,49
2021;4;52;"19";"Ciência e Tecnologia";36124501,3
2021;4;53;"19";"Ciência e Tecnologia";166089147,92
2021;5;11;"19";"Ciência e Tecnologia";11459590,14
2021;5;12;"19";"Ciência e Tecnologia";25289147,44
2021;5;13;"19";"Ciência e Tecnologia";157642998,56
2021;5;14;"19";"Ciência e Tecnologia";3e+06
2021;5;15;"19";"Ciência e Tecnologia";63885754,43
2021;5;16;"19";"Ciência e Tecnologia";5671320,91
2021;5;17;"19";"Ciência e Tecnologia";2039082,75
2021;5;21;"19";"Ciência e Tecnologia";47020814,69
2021;5;22;"19";"Ciência e Tecnologia";90305357,44
2021;5;24;"19";"Ciência e Tecnologia";801455,22
2021;5;25;"19";"Ciência e Tecnologia";30396715,62
2021;5;26;"19";"Ciência e Tecnologia";188859411
2021;5;27;"19";"Ciência e Tecnologia";40312609,15
2021;5;28;"19";"Ciência e Tecnologia";32762241,29
2021;5;31;"19";"Ciência e Tecnologia";112841716,73
2021;5;32;"19";"Ciência e Tecnologia";20690801,35
2021;5;33;"19";"Ciência e Tecnologia";900314059,48
2021;5;35;"19";"Ciência e Tecnologia";1078934110,86
2021;5;41;"19";"Ciência e Tecnologia";128858339,1
2021;5;42;"19";"Ciência e Tecnologia";46597713,45
2021;5;43;"19";"Ciência e Tecnologia";39104748,22
2021;5;50;"19";"Ciência e Tecnologia";55576302,69
2021;5;51;"19";"Ciência e Tecnologia";111776015,55
2021;5;52;"19";"Ciência e Tecnologia";64272417,82
2021;5;53;"19";"Ciência e Tecnologia";153284992,98
2021;6;11;"19";"Ciência e Tecnologia";26744841,19
2021;6;12;"19";"Ciência e Tecnologia";41581892,77
2021;6;13;"19";"Ciência e Tecnologia";233672199,63
2021;6;14;"19";"Ciência e Tecnologia";6753020
2021;6;15;"19";"Ciência e Tecnologia";391285039,69
2021;6;16;"19";"Ciência e Tecnologia";14476186,11
2021;6;17;"19";"Ciência e Tecnologia";4670249,25
2021;6;21;"19";"Ciência e Tecnologia";48039589,43
2021;6;22;"19";"Ciência e Tecnologia";104724364,94
2021;6;24;"19";"Ciência e Tecnologia";9432031,05
2021;6;25;"19";"Ciência e Tecnologia";299119235,95
2021;6;26;"19";"Ciência e Tecnologia";296780174,14
2021;6;27;"19";"Ciência e Tecnologia";41342259,64
2021;6;28;"19";"Ciência e Tecnologia";35949746,27
2021;6;31;"19";"Ciência e Tecnologia";539781006,11
2021;6;32;"19";"Ciência e Tecnologia";73603472,18
2021;6;33;"19";"Ciência e Tecnologia";3186064245,53
2021;6;35;"19";"Ciência e Tecnologia";433795651,16
2021;6;41;"19";"Ciência e Tecnologia";718568855,2
2021;6;42;"19";"Ciência e Tecnologia";87812599,06
2021;6;43;"19";"Ciência e Tecnologia";47388802,19
2021;6;50;"19";"Ciência e Tecnologia";145857233,14
2021;6;51;"19";"Ciência e Tecnologia";180241940,4
2021;6;52;"19";"Ciência e Tecnologia";11898885,64
2021;6;53;"19";"Ciência e Tecnologia";142523255,85
2022;1;11;"19";"Ciência e Tecnologia";6976490,01
2022;1;12;"19";"Ciência e Tecnologia";49512745,17
2022;1;13;"19";"Ciência e Tecnologia";210438111,03
2022;1;15;"19";"Ciência e Tecnologia";404458445,19
2022;1;16;"19";"Ciência e Tecnologia";11822712,56
2022;1;17;"19";"Ciência e Tecnologia";7650959,66
2022;1;21;"19";"Ciência e Tecnologia";332858032,76
2022;1;22;"19";"Ciência e Tecnologia";233540948,93
2022;1;23;"19";"Ciência e Tecnologia";19262191,98
2022;1;24;"19";"Ciência e Tecnologia";1901819,12
2022;1;25;"19";"Ciência e Tecnologia";35054238,69
2022;1;26;"19";"Ciência e Tecnologia";307569735,64
2022;1;27;"19";"Ciência e Tecnologia";552945863,37
2022;1;28;"19";"Ciência e Tecnologia";71261542,96
2022;1;29;"19";"Ciência e Tecnologia";593840054,64
2022;1;31;"19";"Ciência e Tecnologia";593087088,69
2022;1;32;"19";"Ciência e Tecnologia";461829669,65
2022;1;33;"19";"Ciência e Tecnologia";4129477871,44
2022;1;35;"19";"Ciência e Tecnologia";2086396854,42
2022;1;41;"19";"Ciência e Tecnologia";254388159,65
2022;1;42;"19";"Ciência e Tecnologia";96352802,83
2022;1;43;"19";"Ciência e Tecnologia";280653440,78
2022;1;50;"19";"Ciência e Tecnologia";90574258,29
2022;1;51;"19";"Ciência e Tecnologia";1073916732,22
2022;1;53;"19";"Ciência e Tecnologia";210621248,1
2022;2;11;"19";"Ciência e Tecnologia";6650351,41
2022;2;12;"19";"Ciência e Tecnologia";26417434,48
2022;2;13;"19";"Ciência e Tecnologia";97957431,16
2022;2;15;"19";"Ciência e Tecnologia";93300885,55
2022;2;16;"19";"Ciência e Tecnologia";8034167,28
2022;2;17;"19";"Ciência e Tecnologia";11857624,72
2022;2;21;"19";"Ciência e Tecnologia";51699072,35
2022;2;22;"19";"Ciência e Tecnologia";101173476,55
2022;2;23;"19";"Ciência e Tecnologia";17277752,62
2022;2;24;"19";"Ciência e Tecnologia";16418079,72
2022;2;25;"19";"Ciência e Tecnologia";28870751,84
2022;2;26;"19";"Ciência e Tecnologia";106263109,17
2022;2;27;"19";"Ciência e Tecnologia";83601970,77
2022;2;28;"19";"Ciência e Tecnologia";24779149,1
2022;2;31;"19";"Ciência e Tecnologia";197649405,23
2022;2;32;"19";"Ciência e Tecnologia";37513466,42
2022;2;33;"19";"Ciência e Tecnologia";1037968288,9
2022;2;35;"19";"Ciência e Tecnologia";204775128,04
2022;2;41;"19";"Ciência e Tecnologia";198682709,96
2022;2;42;"19";"Ciência e Tecnologia";40485507,83
2022;2;43;"19";"Ciência e Tecnologia";81429496,18
2022;2;50;"19";"Ciência e Tecnologia";51264913
2022;2;51;"19";"Ciência e Tecnologia";133070510,62
2022;2;52;"19";"Ciência e Tecnologia";6597518,27
2022;2;53;"19";"Ciência e Tecnologia";151674417,69
2022;3;11;"19";"Ciência e Tecnologia";9643328,09
2022;3;12;"19";"Ciência e Tecnologia";27690311,24
2022;3;13;"19";"Ciência e Tecnologia";102479555,48
2022;3;15;"19";"Ciência e Tecnologia";116982759,84
2022;3;16;"19";"Ciência e Tecnologia";7889244,47
2022;3;17;"19";"Ciência e Tecnologia";2486926,68
2022;3;21;"19";"Ciência e Tecnologia";264050653,62
2022;3;22;"19";"Ciência e Tecnologia";105888154,55
2022;3;23;"19";"Ciência e Tecnologia";18520323,76
2022;3;24;"19";"Ciência e Tecnologia";13883727,36
2022;3;25;"19";"Ciência e Tecnologia";9626434,21
2022;3;26;"19";"Ciência e Tecnologia";155220350,31
2022;3;27;"19";"Ciência e Tecnologia";33079719,24
2022;3;28;"19";"Ciência e Tecnologia";17338481,73
2022;3;31;"19";"Ciência e Tecnologia";584746675,65
2022;3;32;"19";"Ciência e Tecnologia";145573287,63
2022;3;33;"19";"Ciência e Tecnologia";917889936,07
2022;3;35;"19";"Ciência e Tecnologia";219996519,64
2022;3;41;"19";"Ciência e Tecnologia";264053590,89
2022;3;42;"19";"Ciência e Tecnologia";81872139,29
2022;3;43;"19";"Ciência e Tecnologia";41390424,43
2022;3;50;"19";"Ciência e Tecnologia";51883014,15
2022;3;51;"19";"Ciência e Tecnologia";275658386,23
2022;3;52;"19";"Ciência e Tecnologia";8323593,63
2022;3;53;"19";"Ciência e Tecnologia";54051177,03
2022;4;11;"19";"Ciência e Tecnologia";5627800,53
2022;4;12;"19";"Ciência e Tecnologia";28897213,2
2022;4;13;"19";"Ciência e Tecnologia";200842373,86
2022;4;15;"19";"Ciência e Tecnologia";250108724,88
2022;4;16;"19";"Ciência e Tecnologia";6237910,47
2022;4;17;"19";"Ciência e Tecnologia";4670507,48
2022;4;21;"19";"Ciência e Tecnologia";235571030,28
2022;4;22;"19";"Ciência e Tecnologia";61446998,14
2022;4;23;"19";"Ciência e Tecnologia";6620121,46
2022;4;24;"19";"Ciência e Tecnologia";21017342,97
2022;4;25;"19";"Ciência e Tecnologia";15021228,64
2022;4;26;"19";"Ciência e Tecnologia";198190504,49
2022;4;27;"19";"Ciência e Tecnologia";70136094,98
2022;4;28;"19";"Ciência e Tecnologia";14377065,61
2022;4;31;"19";"Ciência e Tecnologia";398264876,19
2022;4;32;"19";"Ciência e Tecnologia";77701312,09
2022;4;33;"19";"Ciência e Tecnologia";1040631357,01
2022;4;35;"19";"Ciência e Tecnologia";196735376,05
2022;4;41;"19";"Ciência e Tecnologia";340043024,83
2022;4;42;"19";"Ciência e Tecnologia";30082197,26
2022;4;43;"19";"Ciência e Tecnologia";70458994,41
2022;4;50;"19";"Ciência e Tecnologia";104909589,44
2022;4;51;"19";"Ciência e Tecnologia";381947880,19
2022;4;53;"19";"Ciência e Tecnologia";77655202,98
2022;5;11;"19";"Ciência e Tecnologia";10773724,81
2022;5;12;"19";"Ciência e Tecnologia";26751848,96
2022;5;13;"19";"Ciência e Tecnologia";142322461,85
2022;5;15;"19";"Ciência e Tecnologia";172522108,1
2022;5;16;"19";"Ciência e Tecnologia";16215211,3
2022;5;17;"19";"Ciência e Tecnologia";3160073,73
2022;5;21;"19";"Ciência e Tecnologia";158659765,75
2022;5;22;"19";"Ciência e Tecnologia";59187942,25
2022;5;23;"19";"Ciência e Tecnologia";14994040,01
2022;5;24;"19";"Ciência e Tecnologia";19610416,01
2022;5;25;"19";"Ciência e Tecnologia";26021093,4
2022;5;26;"19";"Ciência e Tecnologia";194350498,66
2022;5;27;"19";"Ciência e Tecnologia";63659712,61
2022;5;28;"19";"Ciência e Tecnologia";21554410,01
2022;5;31;"19";"Ciência e Tecnologia";898902171,56
2022;5;32;"19";"Ciência e Tecnologia";28222554,35
2022;5;33;"19";"Ciência e Tecnologia";665872816,4
2022;5;35;"19";"Ciência e Tecnologia";1325098424,24
2022;5;41;"19";"Ciência e Tecnologia";414197726,58
2022;5;42;"19";"Ciência e Tecnologia";59707345,01
2022;5;43;"19";"Ciência e Tecnologia";44837215,95
2022;5;50;"19";"Ciência e Tecnologia";71988792,09
2022;5;51;"19";"Ciência e Tecnologia";366836394,1
2022;5;53;"19";"Ciência e Tecnologia";76052186,14
2022;6;11;"19";"Ciência e Tecnologia";13860660,78
2022;6;12;"19";"Ciência e Tecnologia";49083226,37
2022;6;13;"19";"Ciência e Tecnologia";113501399,34
2022;6;15;"19";"Ciência e Tecnologia";333467659,74
2022;6;16;"19";"Ciência e Tecnologia";16724500,16
2022;6;17;"19";"Ciência e Tecnologia";1055226,08
2022;6;21;"19";"Ciência e Tecnologia";128630194,67
2022;6;22;"19";"Ciência e Tecnologia";128519596,74
2022;6;23;"19";"Ciência e Tecnologia";26402765,08
2022;6;24;"19";"Ciência e Tecnologia";11473030,04
2022;6;25;"19";"Ciência e Tecnologia";28003803,38
2022;6;26;"19";"Ciência e Tecnologia";247532634,1
2022;6;27;"19";"Ciência e Tecnologia";102657312,6
2022;6;28;"19";"Ciência e Tecnologia";29959353,37
2022;6;31;"19";"Ciência e Tecnologia";1358170326,47
2022;6;32;"19";"Ciência e Tecnologia";89197685,63
2022;6;33;"19";"Ciência e Tecnologia";932338300,1
2022;6;35;"19";"Ciência e Tecnologia";655093345,16
2022;6;41;"19";"Ciência e Tecnologia";995980492,83
2022;6;42;"19";"Ciência e Tecnologia";43928634,09
2022;6;43;"19";"Ciência e Tecnologia";64214346,17
2022;6;50;"19";"Ciência e Tecnologia";25346159
2022;6;51;"19";"Ciência e Tecnologia";318560983,73
2022;6;53;"19";"Ciência e Tecnologia";132323361,7
2023;1;11;"19";"Ciência e Tecnologia";10570764,58
2023;1;12;"19";"Ciência e Tecnologia";56448223,4
2023;1;13;"19";"Ciência e Tecnologia";275878140,35
2023;1;16;"19";"Ciência e Tecnologia";28741858,36
2023;1;17;"19";"Ciência e Tecnologia";5410609,21
2023;1;21;"19";"Ciência e Tecnologia";167429045,41
2023;1;22;"19";"Ciência e Tecnologia";218571086,93
2023;1;23;"19";"Ciência e Tecnologia";388934525,17
2023;1;24;"19";"Ciência e Tecnologia";4527560,35
2023;1;25;"19";"Ciência e Tecnologia";58269731,57
2023;1;26;"19";"Ciência e Tecnologia";322923832,52
2023;1;27;"19";"Ciência e Tecnologia";162978347,28
2023;1;28;"19";"Ciência e Tecnologia";83389583,95
2023;1;29;"19";"Ciência e Tecnologia";782445747,7
2023;1;31;"19";"Ciência e Tecnologia";808843086,83
2023;1;32;"19";"Ciência e Tecnologia";259415466,53
2023;1;33;"19";"Ciência e Tecnologia";2819839240,09
2023;1;35;"19";"Ciência e Tecnologia";4255997719,79
2023;1;41;"19";"Ciência e Tecnologia";1368908415,23
2023;1;42;"19";"Ciência e Tecnologia";133180628,92
2023;1;43;"19";"Ciência e Tecnologia";224339697,47
2023;1;50;"19";"Ciência e Tecnologia";350557077,31
2023;1;51;"19";"Ciência e Tecnologia";832766597,66
2023;1;53;"19";"Ciência e Tecnologia";177194601,24
2023;2;11;"19";"Ciência e Tecnologia";1957413,95
2023;2;12;"19";"Ciência e Tecnologia";32047400,42
2023;2;13;"19";"Ciência e Tecnologia";111826356,26
2023;2;14;"19";"Ciência e Tecnologia";4193094,82
2023;2;16;"19";"Ciência e Tecnologia";6049062,98
2023;2;17;"19";"Ciência e Tecnologia";23208915,35
2023;2;21;"19";"Ciência e Tecnologia";193317576,92
2023;2;22;"19";"Ciência e Tecnologia";256650469,93
2023;2;23;"19";"Ciência e Tecnologia";70511831,79
2023;2;24;"19";"Ciência e Tecnologia";54893822,18
2023;2;25;"19";"Ciência e Tecnologia";164515113,71
2023;2;26;"19";"Ciência e Tecnologia";81400717,34
2023;2;27;"19";"Ciência e Tecnologia";111734336,22
2023;2;28;"19";"Ciência e Tecnologia";15488194,95
2023;2;31;"19";"Ciência e Tecnologia";239483645,28
2023;2;32;"19";"Ciência e Tecnologia";393981818,77
2023;2;33;"19";"Ciência e Tecnologia";489970378,44
2023;2;35;"19";"Ciência e Tecnologia";4245605528,93
2023;2;41;"19";"Ciência e Tecnologia";586925896,88
2023;2;42;"19";"Ciência e Tecnologia";72043919,2
2023;2;43;"19";"Ciência e Tecnologia";31904148,59
2023;2;51;"19";"Ciência e Tecnologia";244495500,67
2023;2;52;"19";"Ciência e Tecnologia";240575497
2023;2;53;"19";"Ciência e Tecnologia";111988828,82
2023;3;11;"19";"Ciência e Tecnologia";5271805,78
2023;3;12;"19";"Ciência e Tecnologia";33007649,8
2023;3;13;"19";"Ciência e Tecnologia";51361419,82
2023;3;14;"19";"Ciência e Tecnologia";56874219,62
2023;3;16;"19";"Ciência e Tecnologia";2493094,72
2023;3;17;"19";"Ciência e Tecnologia";52136159,75
2023;3;21;"19";"Ciência e Tecnologia";107538691,42
2023;3;22;"19";"Ciência e Tecnologia";98940517,23
2023;3;23;"19";"Ciência e Tecnologia";133270254,83
2023;3;24;"19";"Ciência e Tecnologia";5014429,05
2023;3;25;"19";"Ciência e Tecnologia";10156113,97
2023;3;26;"19";"Ciência e Tecnologia";137207777,45
2023;3;27;"19";"Ciência e Tecnologia";75445508,74
2023;3;28;"19";"Ciência e Tecnologia";48968876,16
2023;3;31;"19";"Ciência e Tecnologia";91699325,28
2023;3;32;"19";"Ciência e Tecnologia";103409173,29
2023;3;33;"19";"Ciência e Tecnologia";622671946,7
2023;3;35;"19";"Ciência e Tecnologia";470860863,87
2023;3;41;"19";"Ciência e Tecnologia";684896684,99
2023;3;42;"19";"Ciência e Tecnologia";31471676,99
2023;3;43;"19";"Ciência e Tecnologia";64005501,23
2023;3;51;"19";"Ciência e Tecnologia";351759785,92
2023;3;52;"19";"Ciência e Tecnologia";182046839,11
2023;3;53;"19";"Ciência e Tecnologia";70433109,03
2023;4;11;"19";"Ciência e Tecnologia";11955122,87
2023;4;12;"19";"Ciência e Tecnologia";40513822,06
2023;4;13;"19";"Ciência e Tecnologia";231886448,63
2023;4;14;"19";"Ciência e Tecnologia";64610967,11
2023;4;16;"19";"Ciência e Tecnologia";5753968,53
2023;4;17;"19";"Ciência e Tecnologia";5272387,79
2023;4;21;"19";"Ciência e Tecnologia";60714872,43
2023;4;22;"19";"Ciência e Tecnologia";36465473,39
2023;4;23;"19";"Ciência e Tecnologia";60848278,23
2023;4;24;"19";"Ciência e Tecnologia";20221373,96
2023;4;25;"19";"Ciência e Tecnologia";24114698,27
2023;4;26;"19";"Ciência e Tecnologia";93834423,06
2023;4;27;"19";"Ciência e Tecnologia";36635933,71
2023;4;28;"19";"Ciência e Tecnologia";30028412,22
2023;4;31;"19";"Ciência e Tecnologia";641304743,43
2023;4;32;"19";"Ciência e Tecnologia";144229848,83
2023;4;33;"19";"Ciência e Tecnologia";873419087,28
2023;4;35;"19";"Ciência e Tecnologia";574036107,62
2023;4;41;"19";"Ciência e Tecnologia";621488797,84
2023;4;42;"19";"Ciência e Tecnologia";39115226,06
2023;4;43;"19";"Ciência e Tecnologia";34316830,73
2023;4;51;"19";"Ciência e Tecnologia";213779073,44
2023;4;52;"19";"Ciência e Tecnologia";39714660,71
2023;4;53;"19";"Ciência e Tecnologia";60630795,1
2023;5;11;"19";"Ciência e Tecnologia";7175881,68
2023;5;12;"19";"Ciência e Tecnologia";38084197,95
2023;5;13;"19";"Ciência e Tecnologia";149884635,01
2023;5;14;"19";"Ciência e Tecnologia";10369631,39
2023;5;16;"19";"Ciência e Tecnologia";3908128,69
2023;5;17;"19";"Ciência e Tecnologia";8814862,58
2023;5;21;"19";"Ciência e Tecnologia";195688037,63
2023;5;22;"19";"Ciência e Tecnologia";18143585,48
2023;5;23;"19";"Ciência e Tecnologia";49874185,29
2023;5;24;"19";"Ciência e Tecnologia";10567880,51
2023;5;25;"19";"Ciência e Tecnologia";25082572,76
2023;5;26;"19";"Ciência e Tecnologia";188127110,63
2023;5;27;"19";"Ciência e Tecnologia";44034211,98
2023;5;28;"19";"Ciência e Tecnologia";8559882,23
2023;5;31;"19";"Ciência e Tecnologia";913187423,48
2023;5;32;"19";"Ciência e Tecnologia";89981546,18
2023;5;33;"19";"Ciência e Tecnologia";582385235,74
2023;5;35;"19";"Ciência e Tecnologia";1121871675,5
2023;5;41;"19";"Ciência e Tecnologia";608871145,67
2023;5;42;"19";"Ciência e Tecnologia";35839478,05
2023;5;43;"19";"Ciência e Tecnologia";110131247,58
2023;5;51;"19";"Ciência e Tecnologia";329412912,47
2023;5;52;"19";"Ciência e Tecnologia";40109921,43
2023;5;53;"19";"Ciência e Tecnologia";57383018,61
2023;6;11;"19";"Ciência e Tecnologia";18113316,69
2023;6;12;"19";"Ciência e Tecnologia";47928182,48
2023;6;13;"19";"Ciência e Tecnologia";85114575,29
2023;6;14;"19";"Ciência e Tecnologia";62006404,79
2023;6;16;"19";"Ciência e Tecnologia";18656390,86
2023;6;17;"19";"Ciência e Tecnologia";30085614,67
2023;6;21;"19";"Ciência e Tecnologia";171112089,63
2023;6;22;"19";"Ciência e Tecnologia";45043366,1
2023;6;23;"19";"Ciência e Tecnologia";38484404,29
2023;6;24;"19";"Ciência e Tecnologia";51437308,12
2023;6;25;"19";"Ciência e Tecnologia";65615031,74
2023;6;26;"19";"Ciência e Tecnologia";180584982,05
2023;6;27;"19";"Ciência e Tecnologia";60098390,03
2023;6;28;"19";"Ciência e Tecnologia";1878123,31
2023;6;31;"19";"Ciência e Tecnologia";1414247438,47
2023;6;32;"19";"Ciência e Tecnologia";211817644,39
2023;6;33;"19";"Ciência e Tecnologia";650836247,98
2023;6;35;"19";"Ciência e Tecnologia";499082236,34
2023;6;41;"19";"Ciência e Tecnologia";2730192294,93
2023;6;42;"19";"Ciência e Tecnologia";354898256,48
2023;6;43;"19";"Ciência e Tecnologia";160045393,39
2023;6;51;"19";"Ciência e Tecnologia";355373453,71
2023;6;53;"19";"Ciência e Tecnologia";124551211,44
2024;1;11;"19";"Ciência e Tecnologia";29027165,42
2024;1;12;"19";"Ciência e Tecnologia";98610969,32
2024;1;13;"19";"Ciência e Tecnologia";512626807,31
2024;1;14;"19";"Ciência e Tecnologia";86394613,81
2024;1;16;"19";"Ciência e Tecnologia";58317021,63
2024;1;17;"19";"Ciência e Tecnologia";38072728,81
2024;1;21;"19";"Ciência e Tecnologia";209934757,3
2024;1;22;"19";"Ciência e Tecnologia";19305435,06
2024;1;23;"19";"Ciência e Tecnologia";391087102,5
2024;1;24;"19";"Ciência e Tecnologia";77099362,33
2024;1;25;"19";"Ciência e Tecnologia";41235256,51
2024;1;26;"19";"Ciência e Tecnologia";336951909,17
2024;1;27;"19";"Ciência e Tecnologia";434315082,28
2024;1;28;"19";"Ciência e Tecnologia";106369117,98
2024;1;29;"19";"Ciência e Tecnologia";692302328,17
2024;1;31;"19";"Ciência e Tecnologia";1315385025,9
2024;1;32;"19";"Ciência e Tecnologia";551385939,1
2024;1;33;"19";"Ciência e Tecnologia";8933824095,16
2024;1;35;"19";"Ciência e Tecnologia";1637962296,54
2024;1;41;"19";"Ciência e Tecnologia";533698208,55
2024;1;42;"19";"Ciência e Tecnologia";341816777,3
2024;1;43;"19";"Ciência e Tecnologia";274445695
2024;1;50;"19";"Ciência e Tecnologia";227929881,75
2024;1;51;"19";"Ciência e Tecnologia";863064821,49
2024;1;53;"19";"Ciência e Tecnologia";284792397,02
2024;2;11;"19";"Ciência e Tecnologia";11486337,82
2024;2;12;"19";"Ciência e Tecnologia";38599628,66
2024;2;13;"19";"Ciência e Tecnologia";83415068,37
2024;2;14;"19";"Ciência e Tecnologia";23803172,85
2024;2;16;"19";"Ciência e Tecnologia";28169796,94
2024;2;17;"19";"Ciência e Tecnologia";56036653,95
2024;2;21;"19";"Ciência e Tecnologia";237516966,91
2024;2;22;"19";"Ciência e Tecnologia";6226180,74
2024;2;23;"19";"Ciência e Tecnologia";71099814,83
2024;2;24;"19";"Ciência e Tecnologia";35786433,93
2024;2;25;"19";"Ciência e Tecnologia";18232322,9
2024;2;26;"19";"Ciência e Tecnologia";92371582,94
2024;2;27;"19";"Ciência e Tecnologia";71515404,47
2024;2;28;"19";"Ciência e Tecnologia";44611183,92
2024;2;31;"19";"Ciência e Tecnologia";442596848,19
2024;2;32;"19";"Ciência e Tecnologia";59512078,41
2024;2;33;"19";"Ciência e Tecnologia";458769015,12
2024;2;35;"19";"Ciência e Tecnologia";166641960,42
2024;2;41;"19";"Ciência e Tecnologia";247578139,62
2024;2;42;"19";"Ciência e Tecnologia";235139950,14
2024;2;43;"19";"Ciência e Tecnologia";32920177,83
2024;2;50;"19";"Ciência e Tecnologia";182213211,93
2024;2;51;"19";"Ciência e Tecnologia";179916021,35
2024;2;53;"19";"Ciência e Tecnologia";151265507,79
2024;3;11;"19";"Ciência e Tecnologia";9755487,61
2024;3;12;"19";"Ciência e Tecnologia";36297496,08
2024;3;13;"19";"Ciência e Tecnologia";399133413,67
2024;3;14;"19";"Ciência e Tecnologia";21973940,92
2024;3;16;"19";"Ciência e Tecnologia";17576794,75
2024;3;17;"19";"Ciência e Tecnologia";46579209,06
2024;3;21;"19";"Ciência e Tecnologia";231789174,63
2024;3;22;"19";"Ciência e Tecnologia";4703676,59
2024;3;23;"19";"Ciência e Tecnologia";67941742,75
2024;3;24;"19";"Ciência e Tecnologia";19082103,59
2024;3;25;"19";"Ciência e Tecnologia";39928351,77
2024;3;26;"19";"Ciência e Tecnologia";138761122,84
2024;3;27;"19";"Ciência e Tecnologia";106399124,16
2024;3;28;"19";"Ciência e Tecnologia";47812924,69
2024;3;31;"19";"Ciência e Tecnologia";398931697,16
2024;3;32;"19";"Ciência e Tecnologia";167530522,92
2024;3;33;"19";"Ciência e Tecnologia";269501367,64
2024;3;35;"19";"Ciência e Tecnologia";72355600,85
2024;3;41;"19";"Ciência e Tecnologia";87178648,52
2024;3;42;"19";"Ciência e Tecnologia";128403086,73
2024;3;43;"19";"Ciência e Tecnologia";171433671,15
2024;3;51;"19";"Ciência e Tecnologia";302556315,58
2024;3;53;"19";"Ciência e Tecnologia";65591563,75
2024;4;11;"19";"Ciência e Tecnologia";8657331,65
2024;4;12;"19";"Ciência e Tecnologia";46670048,41
2024;4;13;"19";"Ciência e Tecnologia";84411983,57
2024;4;14;"19";"Ciência e Tecnologia";50670606,21
2024;4;16;"19";"Ciência e Tecnologia";12143190,74
2024;4;17;"19";"Ciência e Tecnologia";10375708,26
2024;4;21;"19";"Ciência e Tecnologia";43973905,35
2024;4;22;"19";"Ciência e Tecnologia";6720544,82
2024;4;23;"19";"Ciência e Tecnologia";183623071,31
2024;4;24;"19";"Ciência e Tecnologia";22356250,38
2024;4;25;"19";"Ciência e Tecnologia";23337756,73
2024;4;26;"19";"Ciência e Tecnologia";240750020,28
2024;4;27;"19";"Ciência e Tecnologia";58843394,98
2024;4;28;"19";"Ciência e Tecnologia";35211024,37
2024;4;31;"19";"Ciência e Tecnologia";704653161,96
2024;4;32;"19";"Ciência e Tecnologia";71198055,87
2024;4;33;"19";"Ciência e Tecnologia";571136151,83
2024;4;35;"19";"Ciência e Tecnologia";215071749,53
2024;4;41;"19";"Ciência e Tecnologia";309669792,32
2024;4;42;"19";"Ciência e Tecnologia";93025281,49
2024;4;43;"19";"Ciência e Tecnologia";47834366,76
2024;4;51;"19";"Ciência e Tecnologia";159160866,68
2024;4;53;"19";"Ciência e Tecnologia";75520993
2024;5;11;"19";"Ciência e Tecnologia";10574345,46
2024;5;12;"19";"Ciência e Tecnologia";52184570,95
2024;5;13;"19";"Ciência e Tecnologia";310008140,21
2024;5;14;"19";"Ciência e Tecnologia";23294242,4
2024;5;16;"19";"Ciência e Tecnologia";8099434,93
2024;5;17;"19";"Ciência e Tecnologia";19426251,25
2024;5;21;"19";"Ciência e Tecnologia";183260541,04
2024;5;22;"19";"Ciência e Tecnologia";9723375,41
2024;5;23;"19";"Ciência e Tecnologia";197096096,82
2024;5;24;"19";"Ciência e Tecnologia";25994325,23
2024;5;25;"19";"Ciência e Tecnologia";17076627,96
2024;5;26;"19";"Ciência e Tecnologia";471672267,66
2024;5;27;"19";"Ciência e Tecnologia";42653432,31
2024;5;28;"19";"Ciência e Tecnologia";15460945
2024;5;31;"19";"Ciência e Tecnologia";982592716,41
2024;5;32;"19";"Ciência e Tecnologia";111073930,68
2024;5;33;"19";"Ciência e Tecnologia";670439825,13
2024;5;35;"19";"Ciência e Tecnologia";1073820843,47
2024;5;41;"19";"Ciência e Tecnologia";433728850,01
2024;5;42;"19";"Ciência e Tecnologia";271613859,98
2024;5;43;"19";"Ciência e Tecnologia";159509548,08
2024;5;51;"19";"Ciência e Tecnologia";98264289,29
2024;5;53;"19";"Ciência e Tecnologia";110525729,9
2024;6;11;"19";"Ciência e Tecnologia";17419150,8
2024;6;12;"19";"Ciência e Tecnologia";73390056,29
2024;6;13;"19";"Ciência e Tecnologia";26276934,52
2024;6;14;"19";"Ciência e Tecnologia";72388199,65
2024;6;16;"19";"Ciência e Tecnologia";12786097,69
2024;6;17;"19";"Ciência e Tecnologia";20598605,28
2024;6;21;"19";"Ciência e Tecnologia";96664482,29
2024;6;22;"19";"Ciência e Tecnologia";37655426,37
2024;6;23;"19";"Ciência e Tecnologia";272303008,59
2024;6;24;"19";"Ciência e Tecnologia";60395259,36
2024;6;25;"19";"Ciência e Tecnologia";37560788,04
2024;6;26;"19";"Ciência e Tecnologia";126203478,54
2024;6;27;"19";"Ciência e Tecnologia";83157573,51
2024;6;28;"19";"Ciência e Tecnologia";10793791,61
2024;6;31;"19";"Ciência e Tecnologia";1249451424,58
2024;6;32;"19";"Ciência e Tecnologia";311120222,44
2024;6;33;"19";"Ciência e Tecnologia";705987200,17
2024;6;35;"19";"Ciência e Tecnologia";730420639,32
2024;6;41;"19";"Ciência e Tecnologia";1151423336,72
2024;6;42;"19";"Ciência e Tecnologia";473426972,5
2024;6;43;"19";"Ciência e Tecnologia";210821556,64
2024;6;51;"19";"Ciência e Tecnologia";200826526
2024;6;53;"19";"Ciência e Tecnologia";262283479,71
2025;1;11;"19";"Ciência e Tecnologia";33050786,7
2025;1;12;"19";"Ciência e Tecnologia";113997359,8
2025;1;13;"19";"Ciência e Tecnologia";846046949,01
2025;1;14;"19";"Ciência e Tecnologia";89299591,52
2025;1;16;"19";"Ciência e Tecnologia";15363412,61
2025;1;17;"19";"Ciência e Tecnologia";95488443,58
2025;1;21;"19";"Ciência e Tecnologia";229610840,94
2025;1;22;"19";"Ciência e Tecnologia";104033192,52
2025;1;23;"19";"Ciência e Tecnologia";164789266,77
2025;1;24;"19";"Ciência e Tecnologia";54654163,15
2025;1;25;"19";"Ciência e Tecnologia";58995000,15
2025;1;26;"19";"Ciência e Tecnologia";449364779,24
2025;1;27;"19";"Ciência e Tecnologia";1091597350,41
2025;1;28;"19";"Ciência e Tecnologia";107640560,29
2025;1;29;"19";"Ciência e Tecnologia";764531740,76
2025;1;31;"19";"Ciência e Tecnologia";1036655044,95
2025;1;32;"19";"Ciência e Tecnologia";576442421,19
2025;1;33;"19";"Ciência e Tecnologia";4621578985,84
2025;1;35;"19";"Ciência e Tecnologia";2824239381,23
2025;1;41;"19";"Ciência e Tecnologia";736321974,73
2025;1;42;"19";"Ciência e Tecnologia";290664667,96
2025;1;43;"19";"Ciência e Tecnologia";189824023,38
2025;1;50;"19";"Ciência e Tecnologia";239297905,69
2025;1;51;"19";"Ciência e Tecnologia";1134007519,86
2025;1;53;"19";"Ciência e Tecnologia";510862367,88
2025;2;11;"19";"Ciência e Tecnologia";6510913,79
2025;2;12;"19";"Ciência e Tecnologia";37146736,22
2025;2;13;"19";"Ciência e Tecnologia";74226605,79
2025;2;14;"19";"Ciência e Tecnologia";6419449,92
2025;2;16;"19";"Ciência e Tecnologia";18889924,95
2025;2;17;"19";"Ciência e Tecnologia";60917114,68
2025;2;21;"19";"Ciência e Tecnologia";228811015,75
2025;2;22;"19";"Ciência e Tecnologia";33036503,99
2025;2;23;"19";"Ciência e Tecnologia";129712677,16
2025;2;24;"19";"Ciência e Tecnologia";26061960,55
2025;2;25;"19";"Ciência e Tecnologia";24302736,91
2025;2;26;"19";"Ciência e Tecnologia";182784546,37
2025;2;27;"19";"Ciência e Tecnologia";118707942,15
2025;2;28;"19";"Ciência e Tecnologia";41459551,59
2025;2;31;"19";"Ciência e Tecnologia";466462769,21
2025;2;32;"19";"Ciência e Tecnologia";347740682,77
2025;2;33;"19";"Ciência e Tecnologia";1023737377,53
2025;2;35;"19";"Ciência e Tecnologia";440808261,25
2025;2;41;"19";"Ciência e Tecnologia";121937246,49
2025;2;42;"19";"Ciência e Tecnologia";239497038,92
2025;2;43;"19";"Ciência e Tecnologia";109334112,31
2025;2;51;"19";"Ciência e Tecnologia";220696379,09
2025;2;53;"19";"Ciência e Tecnologia";80218389,77
2025;3;11;"19";"Ciência e Tecnologia";11608249,92
2025;3;12;"19";"Ciência e Tecnologia";26775264,39
2025;3;13;"19";"Ciência e Tecnologia";73342136,72
2025;3;14;"19";"Ciência e Tecnologia";8677786,55
2025;3;16;"19";"Ciência e Tecnologia";14086932,91
2025;3;17;"19";"Ciência e Tecnologia";31634605,98
2025;3;21;"19";"Ciência e Tecnologia";103745190,75
2025;3;22;"19";"Ciência e Tecnologia";102191287,75
2025;3;23;"19";"Ciência e Tecnologia";139457293,22
2025;3;24;"19";"Ciência e Tecnologia";12711286,11
2025;3;25;"19";"Ciência e Tecnologia";18923605,37
2025;3;26;"19";"Ciência e Tecnologia";1387101107,55
2025;3;27;"19";"Ciência e Tecnologia";12874100,65
2025;3;28;"19";"Ciência e Tecnologia";32537237
2025;3;31;"19";"Ciência e Tecnologia";435009357,29
2025;3;32;"19";"Ciência e Tecnologia";213303535,14
2025;3;33;"19";"Ciência e Tecnologia";912349833,11
2025;3;35;"19";"Ciência e Tecnologia";119512123,38
2025;3;41;"19";"Ciência e Tecnologia";588616028,54
2025;3;42;"19";"Ciência e Tecnologia";210363029,71
2025;3;43;"19";"Ciência e Tecnologia";40571667,77
2025;3;51;"19";"Ciência e Tecnologia";392830296,95
2025;3;53;"19";"Ciência e Tecnologia";42962870,7
